Flop,Hand,Weight IP,Matchups,IP Equity,IP EV,IP EQR,BET 1101 freq,BET 1101 EV,BET 875 freq,BET 875 EV,BET 438 freq,BET 438 EV,CHECK freq,CHECK EV
Tc 8c 5d,5c4c,0.414999992,74239875,64.9012864,1579.77673,139.0927068,3.3248860371,1577.78259,82.045418764,1579.87732,5.794241871,1579.67188,8.8354533276,1579.65137
Tc 8c 5d,6c5c,0.300000012,53345.7383,66.7410135,1632.21619,139.7483971,5.5889912855,1626.65186,76.283978629,1632.72095,17.377337957,1631.77307,0.74969212917,1632.46741
Tc 8c 5d,7c6c,0.294999987,52308.6562,58.5565031,1826.65601,178.25576649,0,1826.61011,16.553881821,1826.76343,44.19211186,1826.41614,39.254006319,1826.87903
Tc 8c 5d,Jc9c,0.814999998,144730703,63.115716,2082.10767,188.50706081,0.27464424422,2081.85132,49.213105692,2082.79346,39.968608012,2081.26855,10.543642052,2082.08521
Tc 8c 5d,Qc9c,375,65785.6328,56.3877821,1721.17542,174.42232604,0.24197928515,1721.0094,16.226538868,1721.80444,43.498320892,1720.74048,40.033160955,1721.39233
Tc 8c 5d,QcJc,1,179501594,57.8292549,1809.50696,178.80292232,0.63270986507,1809.05078,63.35517739,1809.87903,31.573430182,1808.77832,4.4386825627,1809.42273
Tc 8c 5d,QcJd,0.0250000004,4420.08545,37.5647366,901.717834,137.16782822,1.5744402015,901.503845,31.816630241,902.226074,66.608929557,901.479126,0,881.930115
Tc 8c 5d,QcJh,0.0250000004,4420.0874,37.4162614,888.671387,135.71965828,0,888.138672,72.397625184,888.967163,27.602374816,887.893494,0,856.837891
Tc 8c 5d,QcJs,0.0250000004,4420.08545,37.4162793,888.671387,135.71959335,0,888.138794,72.39776791,888.967163,27.60223209,887.893494,0,856.837891
Tc 8c 5d,Kc6c,0.119999997,21310.8418,48.6452311,1297.76978,152.4471597,0,1297.26477,30.444619237,1298.43652,34.216247517,1297.20471,35.339133246,1297.7406
Tc 8c 5d,Kc9c,1,177404516,51.3970137,1381.83093,153.63104146,0.49577982445,1381.52502,51.081125151,1382.28003,34.92300195,1381.21155,13.500093075,1381.74084
Tc 8c 5d,KcJc,1,179762469,53.0206978,1448.5835,156.12054053,0.60901390398,1448.21631,57.221609339,1448.9646,35.025654667,1447.97668,7.1437220898,1448.52612
Tc 8c 5d,KcQc,1,179122234,53.7113905,1421.57092,151.23910076,0.47432869598,1421.2832,52.819120307,1421.98474,38.408854698,1421.00378,8.2976962981,1421.56592
Tc 8c 5d,KcJd,0.219999999,39177043,30.2178413,525.228027,99.32221768,0,524.979614,75.986303767,525.618286,20.635846946,523.791382,3.3778492874,525.21875
Tc 8c 5d,KcQd,0.764999986,135329484,31.2438071,482.301575,88.209768777,0,481.945129,69.307406943,482.623688,25.396030276,481.430023,5.2965627808,482.260468
Tc 8c 5d,KcJh,0.219999999,39177.0352,30.0740063,503.795776,95.724958524,0,502.935699,79.329056609,503.880096,9.7407165264,503.268829,10.930226865,503.651276
Tc 8c 5d,KcQh,0.764999986,135329484,31.1001033,459.051483,84.345421818,1.299598788,457.982666,64.448790822,459.388031,21.416248435,458.223572,12.835361955,458.849152
Tc 8c 5d,KcJs,0.219999999,39177043,30.0740004,503.795807,95.724983194,0,502.935608,79.328763534,503.880157,9.7407943386,503.268951,10.930442127,503.651276
Tc 8c 5d,KcQs,0.764999986,135329469,31.1001211,459.051514,84.345379239,1.2995522075,457.982635,64.44890744,459.388092,21.416200839,458.223633,12.835339513,458.849152
Tc 8c 5d,Ac3c,0.155000001,27327.2324,52.2375226,1507.57849,164.91467818,15.001654956,1501.67639,43.119930498,1509.60535,33.338708856,1507.55725,8.5397056897,1507.7843
Tc 8c 5d,Ac4c,1,174287.75,53.2734632,1509.21643,161.88348509,1.3533624323,1508.09937,86.388907328,1509.25903,9.3645686954,1508.98657,2.8931615444,1509.17578
Tc 8c 5d,Ac5c,1,174919969,69.8679268,1890.41272,154.61111979,0.12853839043,1890.25244,34.15410469,1891.08923,44.249919273,1889.7749,21.467437647,1890.64807
Tc 8c 5d,Ac6c,0.395000011,67896.3047,54.4671655,1506.4967,158.05031329,0.62192542891,1506.14343,53.811635259,1506.83679,34.470647743,1505.97571,11.095791569,1506.47852
Tc 8c 5d,Ac7c,625,108130234,55.722481,1572.81384,161.29051499,0.60387671049,1572.37317,50.871690445,1573.46423,38.564486381,1571.97681,9.9599464627,1572.75024
Tc 8c 5d,Ac9c,1,172682641,57.5583041,1568.4751,155.71540888,0.72952642728,1567.93469,53.916827389,1569.0238,35.27223161,1567.6532,10.081414574,1568.44568
Tc 8c 5d,AcJc,1,175852656,60.0822091,1656.12048,157.50994748,0.64576494097,1655.56921,65.974320183,1656.42224,28.168906156,1655.43787,5.2110087199,1656.04163
Tc 8c 5d,AcQc,1,174652734,61.5459085,1618.62561,150.28276331,0.61472914943,1618.13464,56.129587732,1619.10742,30.17847418,1617.83997,13.077208938,1618.38562
Tc 8c 5d,AcKc,1,173912406,62.4053419,1592.82581,145.85068352,0.26489864011,1592.5802,44.914656711,1593.30627,31.929570736,1592.22229,22.890873912,1592724
Tc 8c 5d,AcTd,0.0549999997,9379.49512,76.467675,1548.1604,115.6911186,0.067260669414,1548.16858,29.417853719,1547.88403,34.610268905,1547.79321,35.904616707,1548.7384
Tc 8c 5d,AcJd,0.720000029,124533172,39.4143879,571.670776,82.880651524,1.7066660981,569.991089,62.073123969,572.365723,31.954774963,570.450989,4.26543497,571.3573
Tc 8c 5d,AcQd,1,171516672,41.702944,537.126526,73.598987023,1.9935952426,535.546753,61.655383871,537.570618,26.990438129,536.27124,9.3605827575,537.00116
Tc 8c 5d,AcKd,1,172903281,42.8580284,542.190308,72.290547351,1.5888028557,541.196777,55.422736717,542.708801,21.853353279,541.347046,21.135107148,541.775879
Tc 8c 5d,AcTh,0.0549999997,9379.49219,76.2266278,1520.72437,114.00023579,0.76255672694,1520.31641,54.776644005,1521.2489,42.523708864,1520.04895,1.9370904041,1520.81897
Tc 8c 5d,AcJh,0.720000029,124533172,39.2501533,550.049927,80.079749396,3.2909332296,547.664795,51.098857107,550.570923,29.971608414,549.468994,15.63860125,549.960083
Tc 8c 5d,AcQh,1,171516641,41.5276706,517.464294,71.204061777,2.0568210529,515.765625,59.224008479,517.955994,26.082448617,516.593018,12.636721851,517.232239
Tc 8c 5d,AcKh,1,172685828,42.7007586,531.155701,71.080129108,1.4710532101,530.058655,49.039890144,531.654541,32.644002055,530.507141,16.84505459,531.054016
Tc 8c 5d,AcTs,0.0549999997,9379.49023,76.2266517,1520.72449,114.00020904,0.76229660087,1520.31653,54.776625137,1521.24902,42.523981681,1520.04895,1.9370965807,1520.81921
Tc 8c 5d,AcJs,0.720000029,124533172,39.2501622,550.049927,80.079731237,3.2909663633,547.664673,51.098780858,550.570984,29.971612874,549.469116,15.638639905,549.960205
Tc 8c 5d,AcQs,1,171516609,41.5276796,517.464294,71.204046345,2.056585797,515.765564,59.224168309,517.955994,26.082493039,516.592957,12.636752854,517.232239
Tc 8c 5d,AcKs,1,172685812,42.7007556,531.155701,71.080134102,1.4711346047,530.058655,49.039782726,531.654541,32.643974207,530.507202,16.845108462,531.054016
Tc 8c 5d,4d4c,0.00499999989,898.302307,40.7017142,525.526062,73.780825393,0,469.806091,0,474.614166,0,506.220215,100,525.526062
Tc 8c 5d,6d6c,0.504999995,89582.7656,51.015228,617.745422,69.194512666,0.19080477025,617.579468,9.5176574446,618.020447,34.17638581,617.37207,56.115151976,617.926392
Tc 8c 5d,7d7c,0.894999981,159192531,57.0001125,707.191895,70.89629065,0.10264478129,707.14563,17.577054953,707.555298,38.462960876,706.806274,43.857339389,707.384094
Tc 8c 5d,7d6d,0.294999987,52156.5469,40.6093866,1071.30103,150.74643288,0.36034600304,1071.09741,48.772872234,1071.4812,25.39883292,1070.89575,25.467948843,1071.36072
Tc 8c 5d,8d7d,0.0949999988,16821.3223,61.7065132,995.891113,92.223755077,3.0973519594,994.964111,74.959149799,996.018921,15.224189916,995.378662,6.7193083254,996.046082
Tc 8c 5d,9d9c,1,173080109,66.724807,979.201355,83.858411374,0.37371758635,978.937134,35.959867606,979.885132,36.874871164,978.530945,26.791543644,979.208069
Tc 8c 5d,Td8d,0.0850000009,14943.1318,81.7112327,2173.48291,151.99749083,11.94727001,2165.91772,78.185281249,2174.61011,0,2162.90796,9.8674487408,2173.70068
Tc 8c 5d,Td9d,1,172308391,69.4839954,1133.47058,93.21534701,1.2596226398,1132.4502,43.156354731,1134.12805,35.335043515,1132.76611,20.248979114,1133.35986
Tc 8c 5d,JdJc,1,178307891,75.7345617,1570.21228,118.47486007,2.0039779846,1568.47046,82.515054338,1570.33606,15.480967678,1569.77014,0,1548.17334
Tc 8c 5d,Jd8d,0.129999995,23017.4453,64.0638173,1054.37781,94.047097271,0.89418661027,1052.14648,59.658536909,1054.58862,20.554565273,1053.89246,18.892711208,1054.34241
Tc 8c 5d,Jd9d,0.814999998,141825016,45.2486187,1150.17737,145.25177349,0.4148839262,1149.94421,44.402557977,1150.56079,36.52504102,1149.7489,18.657517076,1150.10583
Tc 8c 5d,JdTd,1,175852,71.2613642,1225.03357,98.232638501,0.38049858057,1224.73755,40.31329989,1225.72668,37.872114879,1224.33154,21.434086651,1224.97217
Tc 8c 5d,QdJc,0.0250000004,4414.81348,37.5678271,895.88092,136.2687155,2.7389213369,894.878601,52.387487464,896.271606,44.873591199,895.484436,0,880.261597
Tc 8c 5d,QdQc,1,175216141,76.4935791,1601.37976,119.6275765,1.062771065,1600.23743,80.481138242,1601.56274,18.456090693,1600.64294,0,1598.60168
Tc 8c 5d,Qd9d,375,64370.8906,35.2526218,766.986633,124.324959,0,763.757629,10.782822924,767.223083,42.160542894,766.726013,47.056634181,767.1651
Tc 8c 5d,QdTd,1,174662547,71.9211102,1258.69141,100.00571908,0.7553964313,1257.97388,49.159823039,1259229,33.718236788,1257.99683,16.366543742,1258.53491
Tc 8c 5d,QdJd,1,176247.5,37.21551,828.876709,127.27054761,0.76428072233,828.424133,59.635168181,829.26239,36.186287498,828.251648,3.4142635986,828.849304
Tc 8c 5d,QdJh,0.0250000004,4376.77344,34.137255,719.856995,120.4979294,0,708.710754,0,715.727478,0,716.241028,100,719.856995
Tc 8c 5d,QdJs,0.0250000004,4376.77197,34.1372758,719.856995,120.49785598,0,708.710693,0,715.7276,0,716.241028,100,719.856995
Tc 8c 5d,KdJc,0.219999999,39251.3633,30.0387889,501.38562,95.378701693,6.1081721925,498.935669,55.066264941,501.759979,22.69569956,501.201569,16.129863306,501.292694
Tc 8c 5d,KdQc,0.764999986,135745328,31.0049415,468.933502,86.425578691,0.50775679459,468.285126,51.76771038,469.491394,38.152412584,468.212524,9.5721202414,468.820923
Tc 8c 5d,KdKc,1,177939484,76.5497148,1588.48511,118.57729052,0.40435384693,1588.05774,57.305585141,1589.07654,32.572173897,1587.49365,9.7178871159,1588328
Tc 8c 5d,Kd6d,0.119999997,21223.0781,24.1057009,404.630035,95.918041884,1.5743086265,403.83606,55.953971598,404.982697,31.793301668,404.060822,10.678418107,404.591156
Tc 8c 5d,Kd8d,0.0500000007,8854.99512,63.0466163,1028.64697,93.232326026,0,1015.50574,0,1024.56934,48.11494022,1028.49158,51.88505978,1028.79016
Tc 8c 5d,Kd9d,1,174179062,27.7089298,450.5383,92.912450607,0.28613206805,450.308105,61.020483601,451.096985,31.589990853,449.473175,7.1033934785,450.480865
Tc 8c 5d,KdTd,1,175791156,72.2128391,1318.28809,104.31766558,0.41560601356,1317.93701,47.577880884,1318.97522,38.81454228,1317.44592,13.191970823,1318.29248
Tc 8c 5d,KdJd,1,177047109,29.800871,482.073975,92.437178382,1.4796142279,480.563232,38.09701671,483.030975,41.024422507,481.370239,19.398946556,481.79657
Tc 8c 5d,KdQd,1,176201312,30.7656139,450.18988,83.616520976,5.531640937,445.82782,63.527905386,450.809875,15.062986962,449.590668,15.877466715,449.795807
Tc 8c 5d,KdJh,0.219999999,38915.4375,26.3352126,382.098297,82.908722749,0,380.543427,44.013328506,382.744812,48.237737987,381.501801,7.7489335066,382.136383
Tc 8c 5d,KdQh,0.764999986,134420016,27.2883266,341.694672,71.552243253,0,340.943268,48.164792141,342.297943,40.989281785,340.990509,10.845926074,341.674896
Tc 8c 5d,KdJs,0.219999999,38915.4375,26.3352126,382.098358,82.908735985,0,380.543335,44.013416421,382.744812,48.237675094,381.501801,7.7489084844,382.136353
Tc 8c 5d,KdQs,0.764999986,134420031,27.2883296,341.694702,71.552241669,0,340.943207,48.16477171,342.298065,40.989342518,340.990509,10.845885772,341.674896
Tc 8c 5d,AdJc,0.720000029,125508211,38.5883957,469.000305,69.45097598,0.72236637067,468.269409,55.204717156,469.662384,37.465077189,468.052368,6.607839284,468.918213
Tc 8c 5d,AdQc,1,173080141,40.7271564,448.378723,62.910459701,0.7268748745,447.737823,50.763456124,448.983734,33.973938895,447.575897,14.535730107,448.172699
Tc 8c 5d,AdKc,1,173923406,41.9251055,470.862915,64.177422966,0.93190635843,470.039856,49.99069648,471.400208,27.623253475,470.062378,21.454143686,470.676483
Tc 8c 5d,AdAc,1,168526141,79.4164658,1712.14563,123.19472059,0.42956359919,1711.60718,45.370774015,1713.10925,37.750427198,1711.08582,16.449235187,1711927
Tc 8c 5d,Ad3d,0.155000001,27301.3848,27.5429845,349.790161,72.57023726,0,348.449219,56.647553788,350.59613,31.341325625,348.372681,12.011120586,349.686127
Tc 8c 5d,Ad4d,1,175247125,29.0006965,353.363586,69.626620569,1.5916454983,351.153412,59.403458065,354.227142,28.073031637,351.889069,10.9318648,352.776978
Tc 8c 5d,Ad6d,0.395000011,68009.7656,30.3968579,373.960571,70.300606582,0.96537186538,373.823578,41.943212993,374.204254,41.936127366,373.747681,15.155287776,373.882385
Tc 8c 5d,Ad7d,625,107419562,32.3311031,409.070923,72.30029004,0.11957622675,408.991974,42.959906799,409.683624,43.34991363,408.414825,13.570603345,409.225739
Tc 8c 5d,Ad8d,1,173238562,63.8640523,1019.30121,91.202767959,0.65660889177,1018.91901,35.368783044,1019.89673,38.619379618,1018.77393,25.355228446,1019.28186
Tc 8c 5d,Ad9d,1,170474984,34.8776877,430.734985,70.570698167,0.44112016394,430.512268,50.814088586,431.489563,35.812228412,429.683502,12.932562839,430.687714
Tc 8c 5d,AdTd,1,171309.75,73.9677072,1421.96216,109.85196601,1.1429826557,1420.97253,63.806389865,1422.49902,31.041262468,1420.89172,4.0093650114,1421.9635
Tc 8c 5d,AdJd,1,174161438,38.2715762,467.018829,69.730052635,2.2152011117,465.58844,39.305114665,467.651245,18.312653088,466.547943,40.167031135,466.692963
Tc 8c 5d,AdQd,1,172750797,40.2791321,450.821411,63.956749172,0.24280745439,450.637329,30.713508358,451.317169,16.404120827,450.536163,52.639563361,450.621613
Tc 8c 5d,AdKd,1,172554531,41.2247121,463.805542,64.289530426,0.058988936687,463.731842,33.298126855,464.312714,29.541739582,463.26413,37.101144625,463.780975
Tc 8c 5d,AdTh,0.0549999997,9370.21973,72.6893663,1284.88428,101.00784007,2.2941772516,1283.43384,31.702517647,1285.18567,1.5171026638,1284.91797,64.486202438,1284.78638
Tc 8c 5d,AdJh,0.720000029,124411867,35.059008,353.903259,57.682873889,0.091718220623,353.726379,55.08138736,354.534271,42.086362928,353.078644,2.740531491,353.88092
Tc 8c 5d,AdQh,1,171347609,37.1663511,324.086609,49.827960647,0.90081718119,323.291138,42.097086507,324.634644,35.994801523,323.474609,21.007294789,324.070312
Tc 8c 5d,AdKh,1,172516875,38.2529378,339.132385,50.660144143,0.80214677963,338.478638,30.992016236,339.618256,22.048367055,338.723358,46.15746993,339.012543
Tc 8c 5d,AdTs,0.0549999997,9370.22168,72.6893365,1284.88428,101.00788148,2.2936540715,1283.43384,31.703041872,1285.18542,1.5168393156,1284.91797,64.486464741,1284.78638
Tc 8c 5d,AdJs,0.720000029,124411867,35.059014,353.903259,57.682864017,0.091610544194,353.726349,55.081412254,354.534271,42.086401216,353.078644,2.7405759861,353.88089
Tc 8c 5d,AdQs,1,171347641,37.1663481,324.086639,49.827969281,0.90059265062,323.291168,42.09715856,324.634705,35.99490266,323.474579,21.00734613,324.070312
Tc 8c 5d,AdKs,1,172516875,38.2529348,339.132355,50.660143635,0.8022609692,338.478638,30.99197741,339.618225,22.048343337,338.723358,46.157418284,339.012543
Tc 8c 5d,4h4c,0.00499999989,892.657227,40.7675594,513.032166,71.91042143,0,460.557617,0,464.418457,0,499.239899,100,513.032166
Tc 8c 5d,4h4d,0.00499999989,898.302612,37.7038777,430.401093,65.230288426,0,369.553894,0,381.557281,0,404.421783,100,430.401093
Tc 8c 5d,5h5c,0.0649999976,11701.7129,86.9441092,2814.69458,184.99205037,0,2794.7627,100,2814.69287,0,2808.92896,0,2758.3916
Tc 8c 5d,5h4h,0.414999992,74239875,45.6034958,558.045166,69.925111311,0,548.386475,22.842638218,558.338623,10.788093548,557.843933,66.369268234,557.976685
Tc 8c 5d,6h6c,0.504999995,89082.8047,50.6720483,601.922852,67.878826092,0.06317673635,601.914368,5.7385221006,601.93219,19.923815391,601.888184,74.274485772,601.931274
Tc 8c 5d,6h6d,0.504999995,89313.6641,48.0588466,534.570679,63.561442074,0.13148768196,534.581787,19.040629944,534.855957,39.373552056,534.32373,41.454330318,534.673584
Tc 8c 5d,6h5h,0.300000012,53185.8711,48.3622313,582.836853,68.865646049,0.024896421391,582.828613,10.97580107,582.954224,27.266747763,582.550659,61.732554746,582.942139
Tc 8c 5d,7h7c,0.894999981,159192516,56.8850517,700.488708,70.366335224,0.10692077027,700.434753,15.432774204,700.758972,36.762280604,700.247375,47.698024422,700.586731
Tc 8c 5d,7h7d,0.894999981,158325141,54.4073045,625.953247,65.742563981,0,608.00354,0,621.834534,39.785604537,625.654419,60.214395463,626.150391
Tc 8c 5d,7h6h,0.294999987,51864.5,38.073194,961.329956,144.28298383,0.31432663433,961.136902,39.12115227,961.630615,31.137338603,961.00177,29.427182493,961.278259
Tc 8c 5d,8h8d,1,178681859,89.5652115,3128.97656,199.62958561,0.44402725183,3128.27661,54.897146132,3129.93457,38.451563664,3127.63623,6.2072629519,3128.83325
Tc 8c 5d,8h7h,0.0949999988,16821.3262,59.9056542,863.674927,82.384298495,1.4980731288,862.898132,60.148796378,864.246948,30.418578243,862.609924,7.9345522502,863.561218
Tc 8c 5d,9h9c,1,173079953,66.5479243,968.855713,83.192953323,0.32827838366,968.612183,28.281022586,969.464172,44.476005619,968.396179,26.914693412,968.976624
Tc 8c 5d,9h9d,1,171040453,64.0326202,840.398376,74.997343843,0,840.132751,5.8808689185,840.461975,35.431386797,840.138489,58.687744284,840.548401
Tc 8c 5d,ThTd,1,173337344,91.5467322,3396.20654,211.98893776,0.15524480936,3395.92358,37.343573842,3397.44922,47.082373686,3395.1709,15.418807662,3396.3479
Tc 8c 5d,Th8h,0.0850000009,14943.1279,80.7475448,2067.55542,146.31531435,14.465430257,2060.2561,66.376633656,2069.1228,0,2054.71338,19.157936087,2067.63135
Tc 8c 5d,Th9h,1,172308281,67.9048836,992.198669,83.494829524,0.39545082472,991.872253,36.896260477,992.80365,36.344816078,991.611938,26.363472621,992.163513
Tc 8c 5d,JhJc,1,178308016,75.5390704,1568.88989,118.68143251,0.97344890154,1568.15442,83.798653799,1568.99561,15.227897299,1568.34937,0,1542.5592
Tc 8c 5d,JhJd,1,176781125,72.9357839,1368.0957,107.18592845,2.2522376637,1366.1438,69.228441218,1368.44275,25.099272601,1367.31653,3.4200485173,1368.04858
Tc 8c 5d,Jh8h,0.129999995,23017.4277,62.2405767,919.305359,84.401105493,1.3977505756,917.860291,45.476905829,919.874207,15.947322964,918.955933,37.178020631,918.812622
Tc 8c 5d,Jh9h,0.814999998,141824922,42.6798701,1038.43066,139.03251045,0.30449898937,1038.25525,39.216441025,1038.81494,34.789255819,1038.02368,25.689804166,1038.39514
Tc 8c 5d,JhTh,1,175852062,69.7333694,1080.93469,88.576956919,0.22963346914,1080.75024,26.88040582,1081.46948,36.312322343,1080.4502,36.577638368,1081.02246
Tc 8c 5d,QhJc,0.0250000004,4414.81396,37.4215871,880.607056,134.46891781,1.2228671621,879.646545,98.777132838,880.618469,0,877.399231,0,857.02063
Tc 8c 5d,QhQc,1,175216172,76.2764454,1604.3186,120.18828105,1.9407193551,1602.80164,79.779703791,1604.4856,18.279576854,1603.74536,0,1596.3678
Tc 8c 5d,QhJd,0.0250000004,4376.76953,34.1396749,718.215149,120.21457667,0,706.86145,0,713.481262,0,711.055908,100,718.215149
Tc 8c 5d,QhQd,1,173483672,73.5208809,1403.91028,109.11654429,3.3607592304,1401.25391,59.744521293,1404.50793,28.4914957,1403.02185,8.4032237761,1403.72607
Tc 8c 5d,Qh9h,375,64370875,32.1122497,642.498108,114.33075522,0,628.536194,0,639.518616,19.999628031,642.265137,80.000371969,642.556152
Tc 8c 5d,QhTh,1,174662297,70.3577995,1111.21326,90.249980845,0.59952736588,1110.74597,31.852752682,1111.74158,29.124480373,1110.6626,38.423239579,1111.19885
Tc 8c 5d,QhJh,1,176247656,34.0966731,690.440491,115.71141333,0.40689740119,690.142639,46.939727538,690.998047,32.203929802,689.758179,20.449445259,690.239075
Tc 8c 5d,QhJs,0.0250000004,4376.77197,33.9897424,693.247742,116.54738721,0,691.819946,28.593810007,693.483826,22.272681912,692.175415,49.133508081,693.595886
Tc 8c 5d,KhJc,0.219999999,39203.2734,29.8919111,491.594025,93.975547595,0.80191094165,490.602753,73.118083317,491.720642,14.341419298,491.289917,11.738586444,491.24176
Tc 8c 5d,KhQc,0.764999986,135579469,30.8485985,458.695648,84.967165966,1.3573502652,457.661011,73.791140253,458.859436,16.146364871,458.123688,8.7051446108,458.527039
Tc 8c 5d,KhKc,1,177721875,76.3356209,1582.27991,118.44535197,1.0713780998,1581.21582,58.624243384,1582.96362,34.897334823,1581.17383,5.407043694,1582.19641
Tc 8c 5d,KhJd,0.219999999,38867.5664,26.3324469,392.043304,85.075551844,0,391.234802,61.887875777,392.701019,38.112124223,390.974548,0,390.389587
Tc 8c 5d,KhQd,0.764999986,134254172,27.2759795,353.559265,74.070251341,0,352.727142,58.83547611,353.864716,37.823965414,353.084198,3.3405584755,353.55246
Tc 8c 5d,KhKd,1,176534281,73.6496985,1431.27454,111.04881383,3.0505253268,1428.35437,63.882991896,1431.79822,23.613525306,1430.34814,9.4529574711,1430.98145
Tc 8c 5d,Kh6h,0.119999997,21078.2246,20.4118371,303.254181,84.895887901,0,300.749023,49.898066488,303.771729,49.426732493,302.726562,0.67520101862,303.601379
Tc 8c 5d,Kh8h,0.0500000007,8844.09082,61.001581,881.523438,82.576167798,0,860.10968,0,874.109924,8.9422515283,881.398193,91.057748472,881.535767
Tc 8c 5d,Kh9h,1,173961359,24.1147757,349.336304,82.779432671,0.36066298065,349.018036,53.327746883,350.021118,40.573891427,348.441376,5.7376987094,349.315216
Tc 8c 5d,KhTh,1,175573625,70.5696404,1168.59485,94.625462441,0.2888374098,1168.34619,31.650640979,1169.26086,39.352830129,1168.00964,28.707691482,1168.66321
Tc 8c 5d,KhJh,1,176829734,26.2093723,369.057007,80.463475383,3.4999937019,366.068329,56.691016122,369.751923,26.190903696,368.166168,13.61808648,368.643829
Tc 8c 5d,KhQh,1,175984531,27.1939516,332.96991,69.967220211,2.1251934944,331.54361,64.987765316,333.331757,24.29781473,332.183838,8.5892264594,332.806213
Tc 8c 5d,KhJs,0.219999999,38867.6094,26.1874467,368.857025,80.487206436,0,365.826141,34.778992767,369.019714,30.143791686,368.302032,35.077215548,369.172241
Tc 8c 5d,KhQs,0.764999986,134254172,27.1311164,329.220184,69.33950548,0.44844188049,328.042297,51.72227842,329.63385,21.198131824,328.655304,26.631147876,328.885681
Tc 8c 5d,AhJc,0.720000029,124581.57,38.4873569,446.045502,66.225161853,0.97709555593,445.245087,64.657527093,446.326447,20.876409899,445.302856,13.488967451,445.904236
Tc 8c 5d,AhQc,1,171793672,40.61988,430.27951,60.530460876,1.0099812111,429.514008,58.227840573,430.648956,24.385949983,429.54422,16.376228233,430.10672
Tc 8c 5d,AhKc,1,172636094,41.8173671,455.933807,62.302727806,0.4472634619,455.628265,49.902165232,456.433228,35.527025744,455.238098,14.123545563,455.926147
Tc 8c 5d,AhAc,1,167238375,79.0143967,1714.1261,123.9648304,0.49069680074,1713.56079,55.052898185,1714.98657,36.551226427,1712.86633,7.9051785871,1713.97961
Tc 8c 5d,AhTd,0.0549999997,9299.34961,72.498554,1300.85498,102.53248677,0,1293.37378,86.070733827,1300.95398,1.8267850096,1301.7301,12.102481164,1300.01184
Tc 8c 5d,AhJd,0.720000029,123485023,35.1273477,350.217743,56.971117285,0.10543056187,350.091125,69.290206296,350.634888,30.373572526,349.265778,0.23079061661,350.204926
Tc 8c 5d,AhQd,1,170061172,37.2399211,326.268097,50.064260896,1.1590377048,325.365723,54.580405335,326.835876,38.037020515,325.477386,6.223536445,326.286194
Tc 8c 5d,AhKd,1,171448062,38.3079648,336.467072,50.189797158,0.64410932847,335.986725,35.880674937,337.125336,32.888404198,335.920624,30.586811536,336.291931
Tc 8c 5d,AhAd,1,167070922,75.3793299,1504.33118,114.0389306,1.8744089001,1502.44116,66.905282223,1504.67908,20.695397356,1503.48621,10.524911521,1504.10876
Tc 8c 5d,Ah3h,0.155000001,27101.7285,24.0887746,237.092438,56.242542592,0,233.539108,94.340839872,237.12764,3.0804852139,236.198532,2.5786749141,236.866882
Tc 8c 5d,Ah4h,1,172831812,25.6841898,236.609985,52.641608229,2.0419884559,234.8022,53.302000314,236.8694,33.391874457,236.290451,11.264136773,236.656235
Tc 8c 5d,Ah5h,1,173464922,49.0453899,557.85968,64.996314771,0.69445197424,557.407593,28.675139831,558.302185,30.136276101,557.505432,40.494132094,557.817139
Tc 8c 5d,Ah6h,0.395000011,67110.2031,26.9879192,250.171036,52.969951724,0,249.45932,76.518357953,250.345734,9.6561051178,249.49382,13.825536929,249.675964
Tc 8c 5d,Ah7h,625,106614.57,28.9599419,292.779297,57.770300785,0.074434505899,292.715759,71.694301275,293.132416,22.986356586,291.687378,5.2449076337,292.734467
Tc 8c 5d,Ah8h,1,171952016,61.5329981,846.259033,78.588173048,0.58829092477,845.880188,29.094880232,846.866516,33.608004528,845.804504,36.708824316,846.198669
Tc 8c 5d,Ah9h,1,169187734,31.606704,306.155457,55.350907652,0.33535318187,305.879913,47.235353086,306.79364,33.618590213,305.349243,18.810703519,305.997986
Tc 8c 5d,AhTh,1,170021156,72.1323669,1259.53552,99.7796986,1.6602371048,1258.13135,61.990246183,1259.9425,28.167813558,1258.73767,8.1817031544,1259.47437
Tc 8c 5d,AhJh,1,172873625,35.0812495,338.958923,55.212062256,2.6805036726,336.842712,72.775869304,339.250854,21.889787436,338.253448,2.6538395876,338.902802
Tc 8c 5d,AhQh,1,171465016,37.1701181,316.173157,48.60634958,1.8017511987,314.791565,66.008565395,316.519043,29.746228953,315.495972,2.4434544532,316.085236
Tc 8c 5d,AhKh,1,171050984,38.1371677,325.415771,48.758699284,1.430441937,324.240784,48.740677544,325.930573,11.853695399,325.064911,37.97518512,324.908478
Tc 8c 5d,AhTs,0.0549999997,9299.35059,72.2554386,1266.30994,100.14549687,0,1265.19629,86.794893724,1266.49438,9.2718018438,1264.71777,3.9333044322,1265.9657
Tc 8c 5d,AhJs,0.720000029,123485023,34.9617064,328.629181,53.712510848,0,327.09729,39.168169794,328.947327,13.618510345,328.317688,47.213319861,328.454865
Tc 8c 5d,AhQs,1,170061172,37.0631427,305.641846,47.122955774,0,304.443085,22.129848374,305.850464,2.2098965703,305.424683,75.660255056,305.587128
Tc 8c 5d,AhKs,1,171230469,38.1491423,326.0448,48.837615488,1.1554534656,324.972412,47.021768184,326.591553,13.359611261,325.697113,38.46316709,325.528992
Tc 8c 5d,4s4c,0.00499999989,892.65741,40.7675505,513.032166,71.910437129,0,460.557617,0,464.418457,0,499.239899,100,513.032166
Tc 8c 5d,4s4d,0.00499999989,898.302612,37.7038777,430.401184,65.230302218,0,369.553833,0,381.557678,0,404.421753,100,430.401184
Tc 8c 5d,4s4h,0.00499999989,892.657227,37.7791882,418.785126,63.343284408,0,362.496094,0,371.137329,0,400.797882,100,418.785126
Tc 8c 5d,5s5c,0.0649999976,11701.7148,86.9440913,2814.69312,184.9919925,0,2794.7627,100,2814.69165,0,2808.9292,0,2758.3916
Tc 8c 5d,5s5h,0.0649999976,11701.7168,85.6491566,2754.89307,183.79919592,0,2733.13647,100,2754.8916,0,2742.78833,0,2711.62891
Tc 8c 5d,5s4s,0.414999992,74239.8828,45.6034899,558.044128,69.924990293,0,548.386414,22.844260456,558.33374,10.787981323,557.844482,66.367758221,557.976807
Tc 8c 5d,6s6c,0.504999995,89082.7734,50.6720662,601.922791,67.878795235,0.063395275545,601.914368,5.7384607264,601.93219,19.923682216,601.888245,74.274461782,601.931274
Tc 8c 5d,6s6d,0.504999995,89313.6406,48.0588704,534.570618,63.561403343,0.13147301175,534.581665,19.040614993,534.85614,39.373535057,534.323669,41.454376938,534.673584
Tc 8c 5d,6s6h,0.504999995,88813.6953,47.7037102,521.334351,62.449092991,0,515.967529,5.1232473574,521.862549,61.477014353,521.114258,33.399738289,521.657532
Tc 8c 5d,6s5s,0.300000012,53185.8672,48.3622253,582.836792,68.865647385,0.025642778335,582.828613,10.976169033,582.951721,27.266494765,582.550964,61.731693424,582.942261
Tc 8c 5d,7s7c,0.894999981,159192531,56.8850517,700.488708,70.366335224,0.10685628049,700.434692,15.432754097,700.758789,36.762276159,700.247437,47.698113463,700.586731
Tc 8c 5d,7s7d,0.894999981,158325109,54.4073105,625.953247,65.742556731,0,608.00354,0,621.834534,39.785602135,625.65448,60.214397865,626.150391
Tc 8c 5d,7s7h,0.894999981,158325141,54.2916119,620.390747,65.297195253,0,604.736633,0,614.907349,44.294424136,620.165649,55.705575864,620.569336
Tc 8c 5d,7s6s,0.294999987,51864.5117,38.0731881,961.330078,144.2830245,0.31437456697,961.136841,39.120937796,961.630371,31.137470961,961.001709,29.427216676,961.278259
Tc 8c 5d,8s8d,1,178681812,89.5652413,3128.97656,199.62951919,0.44426923591,3128.27661,54.896763674,3129.93408,38.451591819,3127.63599,6.2073752711,3128.83325
Tc 8c 5d,8s8h,1,178681828,89.4784629,3124.83398,199.55857077,0.5503327092,3124.1604,53.986460457,3125.90967,39.765815243,3123.39673,5.6973915909,3124.69751
Tc 8c 5d,8s7s,0.0949999988,16821.3262,59.9056661,863.674744,82.384264674,1.4989597028,862.899414,60.147723165,864.246704,30.418546802,862.609924,7.9347703295,863.561218
Tc 8c 5d,9s9c,1,173080016,66.5479004,968.855713,83.1929832,0.32824371713,968.612244,28.280981612,969.464355,44.476037033,968.39624,26.914737638,968.976624
Tc 8c 5d,9s9d,1,171040422,64.0326262,840.398376,74.997336815,0,840.132751,5.8807943554,840.461975,35.431355676,840.138489,58.687849969,840.54834
Tc 8c 5d,9s9h,1,171040609,63.8534963,832.206543,74.474637029,0.0631245137,832.178406,14.112997699,832.478149,34.162017732,831.88916,51.661860055,832.341797
Tc 8c 5d,TsTd,1,173337312,91.5467501,3396.20654,211.98889631,0.15510913646,3395.92358,37.343618449,3397.44922,47.082510042,3395.1709,15.418762372,3396.34766
Tc 8c 5d,TsTh,1,173337281,91.3843811,3388.66113,211.89373559,0.10534451099,3388.43457,33.837438911,3389.87476,50.569299464,3387.81104,15.487917114,3388.76929
Tc 8c 5d,Ts8s,0.0850000009,14943.1348,80.747509,2067.54834,146.31487818,14.463982225,2060.25684,66.376375741,2069.11182,0,2054.71338,19.159642034,2067.63086
Tc 8c 5d,Ts9s,1,172308328,67.9048657,992.197998,83.494795068,0.39543288118,991.872375,36.896000857,992.80188,36.344975028,991612,26.363591233,992.163513
Tc 8c 5d,JsJc,1,178308016,75.5390704,1568.88989,118.68143251,0.97342144369,1568.15466,83.798790256,1568.99561,15.227788301,1568.34912,0,1542.5592
Tc 8c 5d,JsJd,1,176781188,72.93576,1368.09558,107.18595417,2.2520884027,1366.14771,69.228560969,1368.44263,25.099309049,1367.31653,3.4200415797,1368.04883
Tc 8c 5d,JsJh,1,176781188,72.7386415,1366.07532,107.31771346,1.9503479246,1364.71997,67.639081501,1366.52393,30.220487238,1365.1554,0.19008333637,1366.12476
Tc 8c 5d,Js8s,0.129999995,23017.4277,62.2405708,919.305115,84.401091092,1.3990150578,917.861145,45.476777871,919.873901,15.946848314,918.955627,37.177358757,918.812439
Tc 8c 5d,Js9s,0.814999998,141824906,42.6798701,1038.43066,139.03251045,0.30451008875,1038.25525,39.216354544,1038.81506,34.789355848,1038.0238,25.689779519,1038.39502
Tc 8c 5d,JsTs,1,175852094,69.7333574,1080.93445,88.576952495,0.22963065271,1080.75024,26.880464019,1081.46936,36.31227534,1080.45007,36.577629987,1081.02246
Tc 8c 5d,QsJc,0.0250000004,4414.81348,37.4215633,880.606995,134.46899402,1.2227851649,879.646606,98.777214835,880.618286,0,877.399353,0,857.02063
Tc 8c 5d,QsQc,1,175216109,76.2764752,1604.3186,120.18823409,1.9399771785,1602.80164,79.780700992,1604.4856,18.27932183,1603.74512,0,1596.3678
Tc 8c 5d,QsJd,0.0250000004,4376.76953,34.1396242,718.215149,120.2147552,0,706.86145,0,713.481384,0,711.055786,100,718.215149
Tc 8c 5d,QsQd,1,173483609,73.5209107,1403.91003,109.11648063,3.3606295649,1401.25391,59.744483483,1404.50732,28.491574946,1403.02185,8.4033120056,1403.72595
Tc 8c 5d,QsJh,0.0250000004,4376.77197,33.9897394,693.247681,116.54738724,0,691.820068,28.593788376,693.483826,22.272881422,692.175415,49.133330202,693.595825
Tc 8c 5d,QsQh,1,173483641,73.3016133,1406.72754,109.66256708,0.24073335367,1405.76904,68.788789011,1407.10193,27.319432563,1405.80261,3.6510450728,1406.62988
Tc 8c 5d,Qs9s,375,64370875,32.1122557,642.498047,114.330723,0,628.536316,0,639.518555,19.999590517,642.265137,80.000409483,642.556152
Tc 8c 5d,QsTs,1,174662297,70.3577995,1111.21326,90.249980845,0.59917722853,1110.74463,31.85281618,1111.74133,29.124650162,1110.6626,38.423356429,1111.19885
Tc 8c 5d,QsJs,1,176247688,34.0966612,690.440552,115.71146394,0.40699786142,690.142639,46.939609715,690.998108,32.203950493,689.758179,20.44944193,690.239075
Tc 8c 5d,KsJc,0.219999999,39203.2812,29.891938,491.594025,93.975463026,0.80195813865,490.602753,73.118141768,491.720642,14.341185881,491.289917,11.738714212,491.24176
Tc 8c 5d,KsQc,0.764999986,135579469,30.8485895,458.695709,84.967202055,1.3573035973,457.66098,73.79117966,458.859436,16.146369264,458.123627,8.7051474781,458.527039
Tc 8c 5d,KsKc,1,177721844,76.3356328,1582.27979,118.44532453,1.0713953511,1581.21582,58.624309376,1582.96362,34.897353509,1581.17383,5.4069417634,1582.19641
Tc 8c 5d,KsJd,0.219999999,38867.5625,26.3324678,392.043213,85.075464573,0,391.234863,61.88790639,392.701019,38.11209361,390.974518,0,390.389587
Tc 8c 5d,KsQd,0.764999986,134254172,27.2759795,353.559265,74.070251341,0,352.727142,58.835487546,353.864716,37.823940994,353.084198,3.3405714606,353.55246
Tc 8c 5d,KsKd,1,176534266,73.6497045,1431.27454,111.04880478,3.0507481631,1428.35425,63.882816951,1431.79822,23.613419148,1430.34827,9.4530157377,1430.98145
Tc 8c 5d,KsJh,0.219999999,38867.6094,26.1874467,368.857025,80.487206436,0,365.826233,34.77901072,369.019714,30.143780049,368.302094,35.077209231,369.172241
Tc 8c 5d,KsQh,0.764999986,134254172,27.1311164,329.220184,69.33950548,0.44865711277,328.042419,51.722210231,329.63382,21.198041449,328.655304,26.631091207,328.885681
Tc 8c 5d,KsKh,1,176316688,73.4315097,1425.92419,110.96242283,2.1169698349,1423.5675,65.261945545,1426.41479,27.797658042,1424.9574,4.823426578,1425.87073
Tc 8c 5d,Ks6s,0.119999997,21078.2188,20.4118416,303.254211,84.895877583,0,300.749023,49.898137677,303.771851,49.426687206,302.726532,0.67517511676,303.601379
Tc 8c 5d,Ks8s,0.0500000007,8844.0918,61.001569,881.523621,82.576201184,0,860.110596,0,874.10968,8.9425659845,881.398193,91.057434015,881.535889
Tc 8c 5d,Ks9s,1,173961359,24.1147757,349.336243,82.779418216,0.3606136898,349.018097,53.327630518,350.021118,40.574015903,348.441376,5.7377398888,349.315155
Tc 8c 5d,KsTs,1,175573609,70.5696464,1168.5946,94.625434152,0.28902675399,1168.34607,31.650544799,1169.2605,39.352803402,1168.00964,28.707625045,1168.66321
Tc 8c 5d,KsJs,1,176829734,26.2093723,369.056946,80.463462083,3.5000461384,366.068329,56.690992302,369.751862,26.19091092,368.166168,13.618050639,368.643829
Tc 8c 5d,KsQs,1,175984.5,27.1939576,332.969971,69.967217591,2.1251346797,331.54361,64.987784461,333.331848,24.297828391,332.183868,8.5892524687,332.806213
Tc 8c 5d,AsJc,0.720000029,124581586,38.487336,446.045532,66.22520227,0.97724631664,445.244995,64.65745091,446.326416,20.876395136,445.302826,13.488907637,445.904297
Tc 8c 5d,AsQc,1,171793656,40.6198829,430.279602,60.530469497,1.0100116402,429.514008,58.227951082,430.648956,24.38581239,429.544281,16.376224888,430.106812
Tc 8c 5d,AsKc,1,172636078,41.8173701,455.933777,62.302719237,0.44718116967,455.628082,49.902433428,456.433319,35.526922537,455.23822,14.123462866,455.926147
Tc 8c 5d,AsAc,1,167238359,79.0144026,1714.12573,123.96479438,0.49078859373,1713.56079,55.053059016,1714.98621,36.551010753,1712.86633,7.9051416375,1713.97961
Tc 8c 5d,AsTd,0.0549999997,9299.35059,72.4985421,1300.85486,102.53249414,0,1293.3739,86.070582715,1300.95398,1.8269281815,1301.73022,12.102489104,1300.01184
Tc 8c 5d,AsJd,0.720000029,123485031,35.1273179,350.217743,56.971165616,0.1053980816,350.091125,69.290367003,350.634888,30.37349067,349.265778,0.23074424562,350.204926
Tc 8c 5d,AsQd,1,170061094,37.239936,326.268097,50.064240865,1.1590188923,325.365723,54.580537133,326.835876,38.037013776,325.477478,6.2234301991,326.286224
Tc 8c 5d,AsKd,1,171448078,38.3079678,336.467102,50.189797703,0.64408947782,335.986694,35.880736828,337.125366,32.888435052,335.920624,30.586738643,336.292023
Tc 8c 5d,AsAd,1,167071109,75.3792405,1504.33142,114.03908405,1.8746638068,1502.44116,66.905382829,1504.6792,20.695221371,1503.48633,10.524731993,1504.10889
Tc 8c 5d,AsTh,0.0549999997,9299.35059,72.2554445,1266.31006,100.14549818,0,1265.19653,86.79450049,1266.49451,9.2716773242,1264.7179,3.9338221861,1265.96558
Tc 8c 5d,AsJh,0.720000029,123485031,34.9617034,328.629242,53.712525427,0,327.097382,39.168199843,328.947327,13.618454038,328.317688,47.213346119,328.454926
Tc 8c 5d,AsQh,1,170061125,37.0631516,305.641846,47.122944458,0,304.443146,22.129993125,305.850433,2.2098216625,305.424774,75.660185213,305.587128
Tc 8c 5d,AsKh,1,171230469,38.1491393,326.0448,48.837619329,1.1553614888,324.972382,47.021921259,326.591553,13.359613089,325.697144,38.463104163,325.528961
Tc 8c 5d,AsAh,1,165783047,74.9492705,1505.97583,114.81867821,0.67907087542,1505.29919,69.917247754,1506.23474,22.748439603,1505203,6.6552417676,1505.95056
Tc 8c 5d,As3s,0.155000001,27101.7324,24.0887702,237.092346,56.242531041,0,233.539108,94.341063027,237.127563,3.0803857014,236.198563,2.5785512713,236.866959
Tc 8c 5d,As4s,1,172831.75,25.6841958,236.610229,52.641650218,2.0415443668,234.80217,53.3025693,236.869827,33.391872828,236.290497,11.264013505,236.656235
Tc 8c 5d,As5s,1,173464953,49.0453809,557.858887,64.996234305,0.69381627088,557.406616,28.675667322,558.29895,30.136505366,557.505676,40.494011042,557.817139
Tc 8c 5d,As6s,0.395000011,67110.2031,26.9879192,250.171143,52.969974379,0,249.459351,76.518475352,250.345901,9.6560051325,249.49382,13.825519515,249.675964
Tc 8c 5d,As7s,625,106614594,28.9599359,292.779236,57.770300718,0.074378126584,292.71579,71.694464072,293.132324,22.98628701,291.687439,5.2448707908,292.734558
Tc 8c 5d,As8s,1,171952031,61.5329921,846.258972,78.588175046,0.58937362954,845.88147,29.093957819,846.866394,33.608061695,845.804321,36.708606857,846.198669
Tc 8c 5d,As9s,1,169187781,31.6066951,306.155457,55.350923238,0.33524795106,305.879944,47.235276319,306.79361,33.618652042,305.349182,18.810823687,305.997986
Tc 8c 5d,AsTs,1,170021172,72.1323609,1259.53564,99.779716406,1.6603370346,1258.13147,61.990236292,1259.9425,28.167744195,1258.73779,8.1816824778,1259.47437
Tc 8c 5d,AsJs,1,172873641,35.0812465,338.958954,55.212072027,2.6805351457,336.842682,72.775633746,339.250824,21.889921261,338.253448,2.6539098471,338.902832
Tc 8c 5d,AsQs,1,171465031,37.1701151,316.173248,48.606367492,1.8015930283,314.791534,66.008807609,316.519196,29.746257515,315.495972,2.4433418476,316.085266
Tc 8c 5d,AsKs,1,171050969,38.1371737,325.415741,48.758687118,1.4304293684,324.240845,48.740778751,325.930542,11.853673214,325.064911,37.975118666,324.908478
